Year,Quarter,Period,Ext_debt,Gen_gov,Gen_gov_ST,Gen_gov_ST_Debt,Gen_gov_ST_Loans,Gen_gov_ST_Trade_credit,Gen_gov_LT,Gen_gov_LT_Debt,Gen_gov_LT_Loans,Gen_gov_LT_Trade_credit,Cent_Bank,Cent_Bank_ST,Cent_Bank_ST_Debt,Cent_Bank_ST_Loans,Cent_Bank_ST_Ccy__deposits,Cent_Bank_ST_Other_debt,Cent_Bank_LT,Cent_Bank_LT_Debt,Cent_Bank_LT_Loans,Cent_Bank_LT_Ccy_deposits,Cent_Bank_LT_Other_debt,ODCs,ODCs_ST,ODCs_ST_Debt,ODCs_ST_Loans,ODCs_ST_Ccy_deposits,ODCs_ST_Other_debt,ODCs_LT,ODCs_LT_Debt,ODCs_LT_Loans,ODCs_LT_Ccy_deposits,ODCs_LT_Other_debt,Other_sectors,Other_ST,Other_ST_Debt,Other_ST_Loans,Other_ST_Ccy_deposits,Other_ST_Trade_credit,Other_ST_Other_debt,Other_LT,Other_LT_Debt,Other_LT_Loans,Other_LT_Ccy_deposits,Other_LT_Trade_credit,Other_LT_Other_debt,OFCs,OFCs_ST,OFCs_ST_Debt,OFCs_ST_Loans,OFCs_ST_Ccy_deposits,OFCs_ST_Trade_credit,OFCs_ST_Other_debt,OFCs_LT,OFCs_LT_Debt,OFCs_LT_Loans,OFCs_LT_Ccy_deposits,OFCs_LT_Trade_credit,OFCs_LT_Other_debt,NFCs_HHs_NPISHs,NFCs_HHs_NPISHs_ST,NFCs_HHs_NPISHs_ST_Debt,NFCs_HHs_NPISHs_ST_Loans,NFCs_HHs_NPISHs_ST_Ccy_deposits,NFCs_HHs_NPISHs_ST_Trade_credit,NFCs_HHs_NPISHs_ST_Other_debt,NFCs_HHs_NPISHs_LT,NFCs_HHs_NPISHs_LT_Debt,NFCs_HHs_NPISHs_LT_Loans,NFCs_HHs_NPISHs_LT_Ccy_deposits,NFCs_HHs_NPISHs_LT_Trade_credit,NFCs_HHs_NPISHs_LT_Other_debt,DI_Intercompany_lending,Debt_liabs_DIE_to_DI,Debt_liabs_DI_to_DIE,Debt_liabs_btw_fellow_enterprises,Gross_Ext_Debt,Short_term,Long_term,Debt_GDP,Int_reserves_ST_debt,DSP,DSP_Principal,DSP_Interest,DSP_Public,DSP_Public_Principal,DSP_Public_Interest,DSP_Other_sectors,DSP_Other_Principal,DSP_Other_Interest,Export_goods_services,DSR,DSR_Public,DSR_Others
2005,1,2005Q1,59429.55,5582.78,287,287,0,0,5295.78,1192.69,4103.1,0,128.38,0,0,0,0,0,128.38,0,0,0,128.38,8481.36,3718.91,0,2173.46,1021.18,524.27,4762.45,595.32,4163.91,3.21,0,45237.03,17586.76,112.68,4212.63,0,13261.45,0,27650.27,3405.31,23666.52,0,578.44,0,4668.47,616.28,6.33,609.95,0,0,0,4052.19,221.81,3830.37,0,0,0,40568.56,16970.48,106.34,3602.68,0,13261.45,0,23598.08,3183.49,19836.15,0,578.44,0,7246.02,6699.53,546.49,0,59429.55,21592.67,37836.88,37.35,220.4,3991.44,3617.68,373.76,126.81,87.57,39.24,3864.63,3530.11,334.52,30045.9,13.28,0.42,12.86
2005,2,2005Q2,58984.85,4909.23,781.08,781.08,0,0,4128.15,1225.05,2903.11,0,123.81,0,0,0,0,0,123.81,0,0,0,123.81,7765.92,3623.85,0,2350.7,814.48,458.66,4142.08,406.85,3732.32,2.91,0,46185.88,18917.05,78.28,4890.95,0,13947.83,0,27268.83,3687.32,22983.92,0,597.59,0,4958.66,810.28,3.99,806.29,0,0,0,4148.38,218.14,3930.23,0,0,0,41227.22,18106.77,74.29,4084.65,0,13947.83,0,23120.45,3469.17,19053.68,0,597.59,0,7578.16,7056.77,521.39,0,58984.85,23321.98,35662.87,36.25,209.8,2680.79,2306.7,374.09,130.03,44.94,85.09,2550.76,2261.76,289,31372.6,8.54,0.41,8.13
2005,3,2005Q3,60870.8,4281.15,14.16,14.16,0,0,4266.99,1409.26,2857.73,0,479.03,311.64,311.64,0,0,0,167.39,44.15,0,0,123.24,8564.2,4693.6,0,3341.05,975.13,377.42,3870.59,407.51,3459.59,3.49,0,47546.43,18975.71,76.27,5152.75,0,13746.69,0,28570.72,4644.35,23324.17,0,602.21,0,5381.78,967.94,4.61,963.33,0,0,0,4413.84,217.14,4196.7,0,0,0,42164.66,18007.77,71.66,4189.42,0,13746.69,0,24156.88,4427.21,19127.47,0,602.21,0,8177.74,7669.43,508.31,0,60870.8,23995.11,36875.69,36.49,207.5,3365.52,3003.55,361.97,74.59,42.86,31.73,3290.93,2960.69,330.24,34946.4,9.63,0.21,9.42
2005,4,2005Q4,59294.84,4518.65,71.17,71.17,0,0,4447.48,1668.1,2779.38,0,574.09,394.66,394.66,0,0,0,179.43,57.84,0,0,121.58,6751.33,3089.67,0,1783.62,870.92,435.13,3661.66,402.13,3254.59,4.95,0,47450.77,19185.84,305.13,4499.42,0,14381.3,0,28264.93,4454.38,23172.61,0,637.95,0,6043.22,970.98,3.08,967.91,0,0,0,5072.24,239.67,4832.56,0,0,0,41407.55,18214.86,302.05,3531.51,0,14381.3,0,23192.7,4214.7,18340.05,0,637.95,0,8217.86,7759.29,458.57,0,59294.84,22741.33,36553.51,34.55,225.8,4543.85,4112.98,430.86,146.89,46.26,100.63,4396.96,4066.72,330.24,34349.2,13.16,0.36,12.8
2006,1,2006Q1,65960.42,4661.32,83.36,83.36,0,0,4577.96,1805.76,2772.2,0,708.34,511.18,511.18,0,0,0,197.16,74.53,0,0,122.63,9103.32,5026.72,0,3590.29,939.38,497.04,4076.6,392.14,3679.02,5.44,0,51487.45,21289.71,64.81,5394.59,0,15596.96,233.35,30197.74,4749.95,24742.69,0,702.29,2.81,7023.01,1240.2,0.29,1231.92,0,0,7.99,5782.81,234.8,5547.86,0,0,0.15,44464.44,20049.5,64.52,4162.67,0,15596.96,225.36,24414.93,4515.14,19194.83,0,702.29,2.66,8924.44,8312.62,611.82,0,65960.42,26910.97,39049.45,37.21,203,4318.38,3888.76,429.61,78.68,49.44,29.24,4239.7,3839.33,400.37,35411.6,12.19,0.22,11.97
2006,2,2006Q2,66963.07,4483.23,126.75,126.75,0,0,4356.48,1688.36,2668.12,0,922.64,623.63,623.63,0,0,0,299.01,173.03,0,0,125.97,7501.28,3141.58,0,1611.09,948.01,582.48,4359.71,391.67,3964.28,3.75,0,54055.91,22904.47,76.91,5426.81,0,17171.85,228.9,31151.44,4681.07,25707.95,0,760.17,2.26,7159.4,1239.78,0.29,1233.01,0,0,6.48,5919.62,231.71,5687.91,0,0,0,46896.51,21664.68,76.63,4193.8,0,17171.85,222.41,25231.83,4449.36,20020.04,0,760.17,2.26,9673.51,8948.9,724.61,0,66963.07,26796.43,40166.64,36.56,214.2,3415.46,2929.61,485.85,140.57,53.62,86.95,3274.89,2875.99,398.9,36595.7,9.3,0.39,8.91
2006,3,2006Q3,68631.09,4270.09,42.54,42.54,0,0,4227.55,1836.96,2390.59,0,926.96,667.3,667.3,0,0,0,259.66,133.89,0,0,125.77,9513.8,5636.95,0,3540.11,1700.54,396.3,3876.85,501.35,3371.83,3.68,0,53920.24,22927.83,76.68,5768.76,0,16835.84,246.55,30992.41,4742.89,25459.78,0,787.1,2.64,7255.3,1326.42,9.81,1309.95,0,0,6.66,5928.89,215.32,5713.49,0,0,0.08,46664.94,21601.41,66.87,4458.81,0,16835.84,239.9,25063.53,4527.57,19746.29,0,787.1,2.56,9987.21,9211.29,775.91,0,68631.09,29274.62,39356.47,36.33,208.2,4800.66,4324.31,476.35,65.32,46.38,18.94,4735.34,4277.93,457.41,40773.7,11.77,0.16,11.61
2006,4,2006Q4,69008.96,4140.26,0,0,0,0,4140.26,1792.47,2347.79,0,1092.72,741.67,741.67,0,0,0,351.06,222.86,0,0,128.2,7339.03,3218.86,0,1414.71,1128.95,675.2,4120.17,501.28,3614.3,4.58,0,56436.95,22973.76,68.5,5449.82,0,17254.03,201.41,33463.19,4772.88,27834.49,0,853.19,2.63,7266.07,1149.8,0.15,1143.91,0,0,5.74,6116.27,215.41,5900.71,0,0,0.16,49170.87,21823.96,68.35,4305.9,0,17254.03,195.67,27346.92,4557.47,21933.78,0,853.19,2.47,10003.32,8923.16,1080.16,0,69008.96,26934.28,42074.67,35.93,245.8,4805.44,4327.31,478.12,95.57,45.48,50.09,4709.86,4281.83,428.03,41327.4,11.63,0.23,11.4
2007,1,2007Q1,69455.8,3219.99,0,0,0,0,3219.99,1184.68,2035.31,0,1287.3,853,853,0,0,0,434.3,305.61,0,0,128.7,7022.18,3857.54,0,1687.43,1211.26,958.85,3164.64,448.35,2711.47,4.83,0,57926.32,23598.36,64.04,5937.43,0,17314.82,282.07,34327.96,4920.16,28690.63,0,711.76,5.4,8203.75,1668.2,0.15,1660.72,0,0,7.33,6535.56,215.02,6320.3,0,0,0.23,49722.57,21930.16,63.89,4276.71,0,17314.82,274.74,27792.41,4705.15,22370.33,0,711.76,5.17,11022.08,9799.17,1222.9,0,69455.8,28308.89,41146.9,34.47,247.5,7802.26,7295.03,507.22,83.25,42.9,40.35,7719.01,7252.14,466.87,41796,18.67,0.19,18.48
2007,2,2007Q2,69869.16,2222.58,3.33,3.33,0,0,2219.25,565.27,1653.98,0,368.75,21.09,21.09,0,0,0,347.66,218.47,0,0,129.19,6783.19,3767.04,0,1624.6,1147.25,995.19,3016.15,448.35,2562.7,5.1,0,60494.64,26547.79,79.76,6687.19,0,19567.81,213.03,33946.84,5434.9,27881.84,0,551.73,78.38,8451,1959.44,0.13,1951.86,0,0,7.45,6491.56,235.65,6255.91,0,0,0,52043.64,24588.35,79.63,4735.33,0,19567.81,205.59,27455.28,5199.25,21625.92,0,551.73,78.38,11100.97,10005.6,1095.37,0,69869.16,30339.25,39529.9,33.49,237.6,4323.25,3853.75,469.5,373,322.08,50.92,3950.25,3531.67,418.59,42952,10.07,0.87,9.2
2007,3,2007Q3,73040.64,2200.66,3.36,3.36,0,0,2197.3,460.68,1736.62,0,476.23,23.71,23.71,0,0,0,452.52,319.87,0,0,132.65,6856.79,3855.68,0,1653.8,1241.81,960.07,3001.11,428.35,2568.61,4.15,0,63506.95,28859.75,85.46,7063.37,0,21477.6,233.32,34647.2,5693.13,28530.76,0,423.32,0,8720.74,2207.99,14.66,2188.4,0,0,4.93,6512.75,266.82,6245.93,0,0,0,54786.21,26651.76,70.8,4874.97,0,21477.6,228.4,28134.45,5426.31,22284.82,0,423.32,0,11256.88,9889.48,1367.4,0,73040.64,32742.51,40298.13,33.72,244.2,4504.6,4047.46,457.14,40.66,22.25,18.41,4463.93,4025.21,438.73,46694,9.65,0.09,9.56
2007,4,2007Q4,74415.25,2270.63,3.41,3.41,0,0,2267.22,692.99,1574.23,0,528.36,17.16,17.16,0,0,0,511.2,376.8,0,0,134.4,6932.86,3981.17,0,1693.29,1226.7,1061.18,2951.68,453.25,2493.88,4.55,0,64683.4,29725.38,103.05,7047.01,0,22329.95,245.37,34958.02,5444.01,29263.36,0,250.65,0,8894.42,2229.37,0.14,2220.46,0,0,8.78,6665.05,230.86,6434.19,0,0,0,55788.98,27496.01,102.91,4826.55,0,22329.95,236.59,28292.97,5213.15,22829.17,0,250.65,0,10390.47,9188.44,1202.02,0,74415.25,33727.12,40688.13,33.1,257.1,5314.14,4861.86,452.28,230.64,205.21,25.43,5083.5,4656.65,426.85,51813.1,10.26,0.45,9.81
2008,1,2008Q1,80329.58,3039.07,224.98,224.98,0,0,2814.09,1109.03,1705.05,0,1213.03,479.32,479.32,0,0,0,733.71,593.85,0,0,139.85,7347.31,4343.21,0,2078.71,1554.59,709.91,3004.1,558.06,2441.51,4.52,0,68730.17,33315.16,95.51,8423.36,0,24541.36,254.93,35415.01,6262.12,28824.36,0,328.53,0,8235.06,3382.15,0.15,3376.39,0,0,5.61,4852.91,248.27,4604.64,0,0,0,60495.11,29933.01,95.37,5046.97,0,24541.36,249.32,30562.1,6013.85,24219.72,0,328.53,0,11985.16,10596.72,1388.45,0,80329.58,38362.67,41966.9,34.35,285.2,7028.66,6595.04,433.62,48.71,24.03,24.68,6979.95,6571.01,408.94,51871.9,13.55,0.1,13.45
2008,2,2008Q2,78897.55,3103.79,59.88,59.88,0,0,3043.91,1963.03,1080.89,0,781.22,429.09,429.09,0,0,0,352.12,213.16,0,0,138.96,8305.02,5367.69,0,3080.4,1478.38,808.9,2937.33,448.25,2485.01,4.07,0,66707.52,31638.83,77.76,7670.18,0,23647.76,243.14,35068.69,5926.18,28562.5,0,580.01,0,7624.68,2632.95,0.14,2627.46,0,0,5.35,4991.74,13.91,4977.83,0,0,0,59082.84,29005.89,77.62,5042.72,0,23647.76,237.79,30076.96,5912.27,23584.67,0,580.01,0,11400.99,10076.35,1324.64,0,78897.55,37495.49,41402.06,32.34,280.6,3394.19,2984.62,409.57,136.35,108.85,27.5,3257.84,2875.77,382.07,54396.8,6.24,0.25,5.99
2008,3,2008Q3,78776.65,2977.66,46.47,46.47,0,0,2931.2,1873.45,1057.75,0,708.13,427.22,427.22,0,0,0,280.91,148.45,0,0,132.46,7730.96,4562.58,0,2282.7,1544.32,735.56,3168.38,448.25,2716.23,3.9,0,67359.9,32054.87,81.05,7533.58,0,24187.19,253.05,35305.02,5872.49,28395.89,0,1036.5,0.15,7239.13,2594.45,0.13,2588.91,0,0,5.41,4644.67,12.25,4632.3,0,0,0.12,60120.77,29460.42,80.92,4944.68,0,24187.19,247.63,30660.35,5860.24,23763.58,0,1036.5,0.03,11232.09,9932.11,1299.97,0,78776.65,37091.14,41685.51,31.15,271.7,3341.53,2949.7,391.83,32.65,14.53,18.12,3308.87,2935.17,373.7,57666.1,5.79,0.06,5.73
2008,4,2008Q4,76102.44,2872.16,4.09,4.09,0,0,2868.07,1706.38,1161.68,0,542.7,322.37,322.37,0,0,0,220.33,89.69,0,0,130.63,7783.74,4498.64,0,2158.03,1323.24,1017.36,3285.09,448.25,2833.04,3.8,0,64903.85,27695.7,208.37,7600.21,0,19652.3,234.82,37208.15,5485.99,30153.83,0,1568.33,0,8032.81,2932.56,87.28,2839.63,0,0,5.65,5100.25,75.12,5025.13,0,0,0,56871.04,24763.14,121.09,4760.58,0,19652.3,229.17,32107.9,5410.87,25128.7,0,1568.33,0,10771.47,9526.41,1245.06,0,76102.44,32520.8,43581.64,29.39,330.3,3524.45,3163.55,360.91,43.5,23.71,19.8,3480.95,3139.84,341.11,46596.3,7.65,0.09,7.56
2009,1,2009Q1,70574.86,3613.69,52.94,52.94,0,0,3560.75,2489.2,1071.55,0,411.73,181.09,181.09,0,0,0,230.65,103.98,0,0,126.67,7765.21,4504.28,0,1938.31,1469.52,1096.45,3260.94,410.8,2846.95,3.19,0,58784.22,23355.16,278.7,7042.92,0,15298.79,734.75,35429.06,4837.89,29037.8,0,1553.37,0,7492.85,2763.52,167.93,2575.3,0,0,20.3,4729.33,63.69,4665.64,0,0,0,51291.37,20591.64,110.77,4467.62,0,15298.79,714.45,30699.73,4774.2,24372.16,0,1553.37,0,10372.95,9157.32,1215.63,0,70574.86,28093.47,42481.39,26.81,411.8,3159.51,2834.09,325.43,26.31,15.72,10.59,3133.2,2818.36,314.84,41373.59,7.64,0.06,7.58
2009,2,2009Q2,70652.27,2907.67,10.65,10.65,0,0,2897.02,1822.02,1075,0,343.74,55.11,55.11,0,0,0,288.63,156.13,0,0,132.51,7441.61,4639.17,0,1924.73,1706.43,1008.02,2802.44,410.8,2388.21,3.43,0,59959.24,24127.75,331.44,6619.51,0,16314.02,862.78,35831.49,4740.92,29787.65,0,1302.92,0,7142.28,2676.74,217.41,2439.31,0,0,20.02,4465.54,21.59,4443.95,0,0,0,52816.96,21451.01,114.03,4180.21,0,16314.02,842.76,31365.95,4719.33,25343.69,0,1302.92,0,10221.71,9040.28,1181.43,0,70652.27,28832.69,41819.58,26.37,420.4,3511.6,3229.69,281.91,30.81,21.72,9.08,3480.79,3207.96,272.83,40429.5,8.69,0.08,8.61
2009,3,2009Q3,75161.54,3692.02,244.16,244.16,0,0,3447.86,2352.22,1095.64,0,2107.77,300.04,300.04,0,0,0,1807.73,270.09,0,0,1537.64,8103.29,5687.9,0,3113.52,1580.06,994.33,2415.38,300.9,2111.24,3.24,0,61258.48,25665.94,234.95,6679.82,0,17921.94,829.23,35592.54,4849.32,29841.1,0,902.12,0,7585.24,2436.48,55.43,2360.36,0,0,20.69,5148.76,301.12,4847.64,0,0,0,53673.23,23229.46,179.51,4319.46,0,17921.94,808.55,30443.78,4548.2,24993.46,0,902.12,0,10521.1,9350.06,1171.04,0,75161.54,31898.04,43263.51,27.53,414.9,3304.83,2998.92,305.92,25.51,19.48,6.03,3279.33,2979.44,299.89,47918.62,6.9,0.05,6.85
2009,4,2009Q4,75306.13,3883,364.09,364.09,0,0,3518.91,2463.6,1055.32,0,2047.8,418.71,418.71,0,0,0,1629.1,107.41,0,0,1521.69,10754.85,8569.54,0,6052.93,1535.58,981.03,2185.31,300.9,1881.35,3.06,0,58620.48,23923.78,159.67,6526.4,0,16881.4,356.3,34696.7,5391.94,28834.16,0,470.61,0,6739.71,2350.6,56.85,2277.26,0,0,16.48,4389.11,366.29,4022.82,0,0,0,51880.78,21573.18,102.81,4249.14,0,16881.4,339.82,30307.59,5025.65,24811.33,0,470.61,0,10247.14,9062.66,1184.48,0,75306.13,33276.11,42030.02,27,417.8,3781.71,3536.64,245.07,31.74,22.23,9.51,3749.97,3514.4,235.57,52037.55,7.25,0.06,7.19
2010,1,2010Q1,80059.48,4743.27,233.82,233.82,0,0,4509.45,3475.34,1034.11,0,2610.86,835.09,835.09,0,0,0,1775.77,302.1,0,0,1473.66,11985.68,9605.1,0,6416.92,2035.94,1152.23,2380.58,257.9,2119.45,3.23,0,60719.67,25984.47,112.81,6464.96,0,18826.65,580.05,34735.21,5131.38,29287.44,0,316.39,0,6859.38,2315.74,60.41,2242.16,0,0,13.17,4543.64,364.26,4179.38,0,0,0,53860.29,23668.72,52.4,4222.8,0,18826.65,566.88,30191.57,4767.13,25108.06,0,316.39,0,10181.63,8970.99,1210.64,0,80059.48,36658.47,43401.01,28.03,393.4,3060.16,2802.14,258.02,24.81,18.97,5.84,3035.35,2783.17,252.19,53628.71,5.71,0.05,5.66
2010,2,2010Q2,82739.37,5276.78,99.35,99.35,0,0,5177.43,4123.53,1053.9,0,2607.36,1016.9,1016.9,0,0,0,1590.47,154.95,0,0,1435.51,13438.83,10920.72,0,7785.86,2074.64,1060.22,2518.11,175,2340.06,3.05,0,61416.39,26884.14,108.12,6398.6,0,20033.21,344.21,34532.25,4870.28,29330.58,0,331.39,0,6542.62,2067.64,56.34,1997.82,0,0,13.49,4474.97,384.98,4089.99,0,0,0,54873.78,24816.5,51.78,4400.78,0,20033.21,330.72,30057.28,4485.3,25240.6,0,331.39,0,10083.96,8916.91,1167.06,0,82739.37,38921.11,43818.26,28.34,377.28,2684.63,2415.4,269.23,60.46,20.73,39.74,2624.17,2394.67,229.5,54579.34,4.9,0.11,4.79
2010,3,2010Q3,92713.14,7596.07,351.54,351.54,0,0,7244.53,6157.05,1087.48,0,3562.05,1691.65,1691.65,0,0,0,1870.4,358.03,0,0,1512.37,16079.82,13485.4,0,9511.38,2578.62,1395.39,2594.42,389.85,2201.61,2.97,0,65475.2,29507.58,193.62,6900.75,0,22066.97,346.24,35967.62,4845.89,30799.28,0,322.46,0,7499.04,2372.49,140.83,2213.87,0,0,17.79,5126.55,408.32,4718.23,0,0,0,57976.17,27135.09,52.79,4686.88,0,22066.97,328.45,30841.08,4437.57,26081.05,0,322.46,0,10620.87,9368.99,1251.87,0,92713.14,45036.16,47676.98,31.11,362.48,2635.45,2309.14,326.31,66.69,19.66,47.03,2568.75,2289.48,279.28,57647.9,4.58,0.12,4.46
2010,4,2010Q4,100561.4,7782.91,194.53,194.53,0,0,7588.38,6498.13,1090.25,0,4879.58,2574.37,2574.37,0,0,0,2305.2,807.69,0,0,1497.51,20803.42,16687.77,0,12674.98,2291.9,1720.9,4115.65,392.4,3720.12,3.13,0,67095.48,31198.23,159.81,6899.26,0,23792.19,346.97,35897.25,4640.94,31031.8,0,224.51,0,7090.11,1966.04,96.17,1851.12,0,0,18.75,5124.07,418.59,4705.48,0,0,0,60005.38,29232.2,63.64,5048.15,0,23792.19,328.21,30773.18,4222.35,26326.32,0,224.51,0,11438.17,9103.35,1344.89,989.93,100561.4,50654.92,49906.48,32.97,339.83,2161.83,1825.93,335.89,122.7,23.43,99.27,2039.13,1802.51,236.62,61348.48,3.73,0.2,3.53
2011,1,2011Q1,108354.62,8625.63,50.75,50.75,0,0,8574.88,7454.01,1052.48,68.39,6626.49,4216.72,4216.72,0,0,0,2409.77,870.44,0,0,1539.32,23009.93,18259.66,0,14613.18,2462.74,1183.74,4750.27,391.48,4355.79,3,0,70092.57,33233.04,315.47,6835.5,0,25775.61,306.46,36859.53,4587.87,32081.85,0,189.81,0,9120.27,1667.44,249.93,1407.39,0,0,10.12,7452.83,395.49,7057.34,0,0,0,60972.31,31565.6,65.54,5428.11,0,25775.61,296.34,29406.7,4192.38,25024.51,0,189.81,0,20844.5,17936.38,1565.35,1342.77,108354.62,55760.18,52594.44,34.72,334.28,2625.4,2336.42,288.98,71.76,20.26,51.5,2553.63,2316.16,237.48,66475.76,3.95,0.1,3.85
2011,2,2011Q2,111443.37,8702.54,0,0,0,0,8702.54,7615.05,1020.1,67.39,5887.91,3556.97,3556.97,0,0,0,2330.94,776.82,0,0,1554.12,25959.99,20555.62,0,17115.62,2542.28,897.71,5404.37,388.69,5012.26,3.42,0,70892.93,34422.82,291.11,7772.25,0,26028.68,330.78,36470.11,4437.92,31854.8,0,177.37,0.02,9130.28,2115.05,225.27,1880.28,0,0,9.49,7015.23,439.33,6575.9,0,0,0,61762.65,32307.77,65.83,5891.97,0,26028.68,321.29,29454.88,3998.59,25278.9,0,177.37,0.02,21077.76,18016.21,1419.91,1641.63,111443.37,58535.41,52907.96,35.07,328.54,2014.46,1700.18,314.28,97.04,21.49,75.54,1917.42,1678.68,238.74,65583.6,3.07,0.14,2.93
2011,3,2011Q3,114928.11,10545.71,0,0,0,0,10545.71,9454.33,1043.89,47.49,6220.75,3165.42,3165.42,0,0,0,3055.33,1539.83,0,0,1515.49,26709.75,20723.47,0,17431.51,2229.86,1062.1,5986.27,277.62,5705.15,3.5,0,71451.91,34302.75,312.72,7227.81,0,26471.55,290.68,37149.16,4368.3,32610,0,170.86,0,9101.63,2134.21,247.33,1870.5,0,0,16.38,6967.42,471.67,6495.76,0,0,0,62350.28,32168.54,65.38,5357.31,0,26471.55,274.3,30181.74,3896.64,26114.24,0,170.86,0,20016.73,16883.4,1381.88,1751.45,114928.11,58191.64,56736.47,35.36,321.28,2195.78,1877.83,317.95,95.89,39.54,56.36,2099.89,1838.3,261.59,72116.13,3.05,0.14,2.91
2011,4,2011Q4,104333.54,11008.37,0,0,0,0,11008.37,9958.75,1028.61,21.02,5178.31,1446.54,1446.54,0,0,0,3731.78,2241.15,0,0,1490.63,20266.29,13664.16,0,10627.9,2150.95,885.31,6602.13,273.84,6325.02,3.27,0,67880.57,32173.1,451.76,7535.56,0,24037.37,148.41,35707.47,3774.57,31780.98,0,151.92,0,8763.08,2000.41,386.99,1600.05,0,0,13.36,6762.68,532.45,6230.23,0,0,0,59117.49,30172.7,64.77,5935.52,0,24037.37,135.04,28944.79,3242.12,25550.75,0,151.92,0,18592.26,15286.26,1393.14,1912.86,104333.54,47283.8,57049.75,31.49,370.37,2202.65,1863,339.66,132.14,43.24,88.9,2070.52,1819.76,250.76,58207.9,3.78,0.22,3.56
2012,1,2012Q1,116447.07,12161.31,31.96,31.96,0,0,12129.35,11169.39,950.37,9.6,8423.4,4287.46,4287.46,0,0,0,4135.94,2632.51,0,0,1503.43,26099.45,18586.07,5.34,14789.35,2564.84,1226.54,7513.38,244.52,7265.8,3.05,0,69762.9,34328.78,346.3,7462.38,0,26374.03,146.07,35434.12,3227.66,32042.49,0,163.98,0,9351.47,1944.4,286.04,1634.02,0,0,24.34,7407.07,557.46,6849.62,0,0,0,60411.43,32384.39,60.26,5828.37,0,26374.03,121.73,28027.05,2670.2,25192.87,0,163.98,0,19244.09,16338.82,1083.86,1821.42,116447.07,57234.28,59212.79,34.05,313.18,3049.78,2796.04,253.74,107.09,92.23,14.86,2942.69,2703.81,238.89,66673.26,4.57,0.16,4.41
2012,2,2012Q2,116955.37,13815.5,52.04,52.04,0,0,13763.46,12692.02,1062.14,9.3,8043.85,4028.33,4028.33,0,0,0,4015.51,2543.43,0,0,1472.08,28212.14,20324.81,0.01,17565.56,2019.48,739.76,7887.34,243.57,7641.37,2.4,0,66883.88,31870.38,529.16,7500.64,0,23672.85,167.73,35013.5,3042.41,31820.24,0,150.85,0,9401.25,2102.27,430.33,1645.06,0,0,26.87,7298.98,517.24,6781.74,0,0,0,57482.63,29768.11,98.83,5855.58,0,23672.85,140.85,27714.52,2525.17,25038.5,0,150.85,0,19130.6,16356.33,1050.15,1724.12,116955.37,56275.55,60679.82,33.29,310.29,2670.5,2404.37,266.13,130.52,113.41,17.11,2539.98,2290.96,249.01,67603.83,3.95,0.19,3.76
2012,3,2012Q3,123665.13,16430.92,200.68,200.68,0,0,16230.24,14953.66,1276.58,0,9660.59,5430.71,5430.71,0,0,0,4229.88,2733.59,0,0,1496.29,28585.53,18023.39,1.97,14794.48,2418.7,808.25,10562.13,266.87,10292.69,2.57,0,68988.09,31424.95,862.73,7279.94,0,23099.76,182.53,37563.14,3672.46,33745.45,0,145.23,0,10196.36,2252.24,798.67,1403.99,0,0,49.59,7944.12,452.05,7492.07,0,0,0,58791.73,29172.71,64.06,5875.95,0,23099.76,132.94,29619.02,3220.41,26253.38,0,145.23,0,20632.92,17936.46,1096.17,1600.29,123665.13,55079.73,68585.4,34.33,333.38,3128.26,2844.2,284.06,170.82,154.58,16.24,2957.44,2689.62,267.82,70987.44,4.41,0.24,4.17
2012,4,2012Q4,130746.8,17767.94,61.14,61.14,0,0,17706.8,16624.8,1082.01,0,8467.04,4074.28,4074.28,0,0,0,4392.76,2901.59,0,0,1491.17,33541.45,22140.69,2.13,18364.61,3113.58,660.38,11400.76,289.15,11109.09,2.51,0,70970.37,31902.58,688.54,8218.22,0,22805.19,190.62,39067.79,4704.37,34216.68,0,146.73,0,10947.3,2420.5,627.41,1767.07,0,0,26.01,8526.8,448.46,8078.34,0,0,0,60023.07,29482.08,61.13,6451.15,0,22805.19,164.61,30540.99,4255.91,26138.34,0,146.73,0,20544.24,17844.61,1087.67,1611.96,130746.8,58178.69,72568.11,35.33,312.16,2849.58,2517.46,332.12,185.53,166.8,18.73,2664.05,2350.66,313.39,70813.98,4.02,0.26,3.76
2013,1,2013Q1,139246.81,20712.97,139.99,139.99,0,0,20572.98,19218.77,1354.21,0,11584.84,6809.81,6809.81,0,0,0,4775.03,3320.52,0,0,1454.51,35294.92,22891.57,2.2,19335.36,2455.74,1098.26,12403.35,471.17,11929.57,2.62,0,71654.09,30995.16,663.92,8082.7,0,22096.65,151.89,40658.93,5172.07,35298.37,0,188.48,0,11390.99,2052.55,604.12,1428.37,0,0,20.06,9338.44,425.08,8913.36,0,0,0,60263.09,28942.61,59.8,6654.33,0,22096.65,131.83,31320.48,4746.99,26385.01,0,188.48,0,20925.66,18209.83,1092.99,1622.85,139246.81,60836.53,78410.29,36.75,292.26,3502.04,3244.03,258.01,870.83,855.18,15.64,2631.21,2388.85,242.37,71702.97,4.88,1.21,3.67
2013,2,2013Q2,140860.07,20833.42,0,0,0,0,20833.42,18720.75,2112.67,0,7622.02,3516.98,3516.98,0,0,0,4105.04,2645.18,0,0,1459.86,38621.71,26001.07,2.07,22628.17,2595.44,775.39,12620.65,454.74,12162.97,2.94,0,73782.91,34705.69,1163.87,11176.37,0,22033.98,331.47,39077.22,5062.93,33789.97,0,224.32,0,12007.73,2615.3,534.44,1871.83,0,0,209.04,9392.43,389.02,9003.41,0,0,0,61775.18,32090.39,629.43,9304.55,0,22033.98,122.43,29684.79,4673.91,24786.56,0,224.32,0,23589.95,20518.74,1399.86,1671.35,140860.07,64223.75,76636.33,36.44,266.01,2390.65,2130.48,260.18,49.61,29.4,20.21,2341.04,2101.07,239.97,68944.81,3.47,0.07,3.4
2013,3,2013Q3,141718.46,20458.38,120.46,120.46,0,0,20337.92,18081.64,2121.21,135.07,7618.81,3665.97,3665.97,0,0,0,3952.85,2464.48,0,0,1488.37,35742.18,22832.25,0.12,17874.83,4233.76,723.54,12909.93,446.62,12458.72,4.58,0,77899.09,36741.04,1637.15,12284.75,0,22580.01,239.12,41158.05,5347.49,35533.16,0,277.4,0,12705.18,2630.21,566.57,1920.76,0,0,142.89,10074.97,394.25,9680.72,0,0,0,65193.91,34110.83,1070.58,10364,0,22580.01,96.24,31083.08,4953.23,25852.44,0,277.4,0,26060.02,23128.03,1383.07,1548.92,141718.46,63359.72,78358.74,36.13,271.92,2706.93,2408.43,298.5,287.28,271.99,15.29,2419.65,2136.44,283.21,72373.31,3.74,0.4,3.34
2013,4,2013Q4,141932.89,20250.82,0.58,0.58,0,0,20250.24,18063.27,2097.22,89.75,4975.97,1296,1218.52,0,77.48,0,3679.98,2185.08,0,0,1494.89,39079.92,24555.62,0.11,21149.26,2607.86,798.39,14524.3,431.17,14088.8,4.33,0,77626.18,36044.14,1678.9,11549.52,0,22658.95,156.78,41582.03,7020.95,34204.9,0,356.19,0,13921.57,2731.37,543.91,2128.51,0,0,58.95,11190.2,2096.02,9094.18,0,0,0,63704.6,33312.77,1134.99,9421,0,22658.95,97.83,30391.83,4924.93,25110.72,0,356.19,0,26806.44,23894.89,1271.84,1639.71,141932.89,61896.34,80036.55,35.8,270.18,2821.8,2520.38,301.42,125.16,111.95,13.21,2696.64,2408.43,288.21,71076.75,3.97,0.18,3.79
2014,1,2014Q1,142205.26,19733.83,19.95,19.95,0,0,19713.88,17461.2,2185.86,66.82,5127.8,1778.41,1778.41,0,0,0,3349.39,1849.81,0,0,1499.58,37443.19,23309.53,0.11,19516.89,2895.54,896.98,14133.66,348.64,13781.17,3.86,0,79900.44,36743.91,2010.45,9757.5,0,24769.26,206.7,43156.53,7272.6,35377.76,0,506.17,0,14682.01,2840.32,658.66,2088.95,0,0,92.71,11841.69,2393.63,9448.06,0,0,0,65218.43,33903.59,1351.79,7668.55,0,24769.26,113.99,31314.84,4878.97,25929.7,0,506.17,0,25932.3,22873.81,1357.65,1700.85,142205.26,61851.8,80353.46,35.73,270.72,3433.55,3123.13,310.41,128.91,113.11,15.8,3304.63,3010.02,294.61,69826.09,4.92,0.19,4.73
2014,2,2014Q2,146962.46,19219.02,62.33,62.33,0,0,19156.68,16853.38,2252.47,50.84,5369.41,2611.69,2611.69,0,0,0,2757.72,1257.88,0,0,1499.84,38984.57,23787.61,0.11,19705.12,3132.44,949.93,15196.97,347.79,14846.1,3.07,0,83389.46,37797.97,1987.03,10033.75,0,25570.84,206.35,45591.49,8579.68,36300.48,0,711.34,0,14742.03,2454.66,507.28,1865.77,0,0,81.61,12287.37,2722.9,9564.47,0,0,0,68647.43,35343.31,1479.75,8167.98,0,25570.84,124.74,33304.12,5856.77,26736.01,0,711.34,0,24956.29,21826.71,1454.56,1675.02,146962.46,64259.6,82702.86,36.71,261.76,3445.87,3164.96,280.91,647.83,637.52,10.31,2798.04,2527.44,270.59,67359.1,5.12,0.96,4.16
2014,3,2014Q3,145594.53,21650.38,0,0,0,0,21650.38,19374.77,2224.65,50.97,4673.38,2179.6,2179.6,0,0,0,2493.78,1055.37,0,0,1438.41,35447.7,20517.28,0.11,16666.6,3060.61,789.96,14930.42,469.83,14457.48,3.1,0,83823.07,38360.27,2514.32,9847.47,0,25767.22,231.26,45462.81,8989,35573.24,0,900.57,0,15431.23,2688.26,620.5,1946.73,0,0,121.03,12742.97,3061.43,9681.54,0,0,0,68391.84,35672.01,1893.81,7900.74,0,25767.22,110.23,32719.83,5927.56,25891.7,0,900.57,0,23197.75,20231.57,1480.72,1485.46,145594.53,61057.15,84537.39,36.16,264.62,3461.52,3134.48,327.04,132.55,116.46,16.09,3328.97,3018.02,310.95,70040.79,4.94,0.19,4.75
2014,4,2014Q4,141714.69,22102.41,0,0,0,0,22102.41,19870.16,2207.22,25.03,3177.28,873.99,873.99,0,0,0,2303.3,897.41,0,0,1405.89,34960.99,19942.65,0.11,15965.98,3151.84,824.72,15018.34,459.3,14556.07,2.97,0,81474.01,36105.7,2420.5,9715.82,0,23814.38,155,45368.31,8982.31,35300.66,0,1085.33,0,15636.55,2711.31,608.28,2036.46,0,0,66.57,12925.23,3223.84,9701.4,0,0,0,65837.46,33394.39,1812.21,7679.37,0,23814.38,88.43,32443.07,5758.48,25599.26,0,1085.33,0,21410,18533.96,1365.04,1511,141714.69,56922.35,84792.35,34.69,276,3500.3,3195.92,304.38,246.39,235.09,11.3,3253.9,2960.82,293.08,73260.99,4.78,0.34,4.44
2015,1,2015Q1,139178.56,22522.13,0,0,0,0,22522.13,20261.8,2250.19,10.14,2807.36,967.65,967.65,0,0,0,1839.71,501.42,0,0,1338.29,32813.93,18295.73,0.11,13692.28,3481.05,1122.28,14518.21,454.3,14060.62,3.29,0,81035.14,34836.4,2295.61,9273.17,0,23080.09,187.53,46198.74,9523.33,35741.1,0,934.31,0,16123.44,2595.91,474.93,2019.56,0,0,101.42,13527.53,3766.07,9761.45,0,0,0,64911.7,32240.49,1820.68,7253.62,0,23080.09,86.1,32671.22,5757.26,25979.65,0,934.31,0,16746.45,14381.86,1072.39,1292.19,139178.56,54099.77,85078.79,33.88,288.95,3718,3411.4,306.6,141.39,128.02,13.37,3576.61,3283.38,293.23,69539.61,5.35,0.21,5.14
2015,2,2015Q2,138204.47,20707.82,56.81,56.81,0,0,20651.01,18402.31,2248.7,0,2392.15,607.07,607.07,0,0,0,1785.08,420.55,0,0,1364.53,34033.21,19923.52,0.11,15741.5,3047.55,1134.36,14109.69,442.08,13663.96,3.65,0,81071.29,35492.66,2522.13,9403.97,0,23231.57,334.99,45578.63,8963.94,35840.9,0,773.79,0,16032.92,2439.09,257.28,2094.01,0,0,87.8,13593.83,3897.78,9696.05,0,0,0,65038.37,33053.57,2264.85,7309.96,0,23231.57,247.19,31984.8,5066.16,26144.85,0,773.79,0,16250.27,13778.93,1255.02,1216.32,138204.47,56080.06,82124.4,33.52,285.79,5630.84,5330.41,300.42,310.57,299.04,11.53,5320.26,5031.37,288.89,66891.16,8.42,0.47,7.95
2015,3,2015Q3,135103.16,18950.52,150,150,0,0,18800.52,16509.47,2291.05,0,1735.65,219.39,219.39,0,0,0,1516.26,154.54,0,0,1361.72,33307.2,19354.26,0.1,14301.27,3435.98,1616.91,13952.93,414.96,13535.9,2.08,0,81109.8,35094.78,1692.27,9621.46,0,23609.32,171.73,46015.02,9514.14,35796.92,0,703.97,0,15547.17,2318.25,187.62,2072.89,0,0,57.74,13228.92,3880.93,9347.99,0,0,0,65562.63,32776.53,1504.65,7548.57,0,23609.32,113.99,32786.11,5633.21,26448.94,0,703.97,0,16260.72,13628.74,1220.83,1411.16,135103.16,54818.43,80284.73,32.77,283.72,3960.17,3665.44,294.73,179.27,166.1,13.17,3780.9,3499.34,281.56,69066.27,5.73,0.26,5.47
2015,4,2015Q4,131078.21,18772.55,100,100,0,0,18672.55,16418.94,2253.62,0,1815.35,289.96,289.96,0,0,0,1525.39,181.19,0,0,1344.21,31325.95,18520.03,0.1,14014.96,3055.37,1449.59,12805.92,314.64,12488.46,2.82,0,79164.35,33665.97,1342.52,9704.48,0,22464.52,154.44,45498.39,9316.43,35493.69,0,688.26,0,15460.17,2281.52,245.53,1998.85,0,0,37.14,13178.65,3858.32,9320.33,0,0,0,63704.18,31384.44,1096.99,7705.63,0,22464.52,117.3,32319.74,5458.11,26173.37,0,688.26,0,16789.07,14161.74,1157.22,1470.1,131078.21,52575.96,78502.25,31.98,297.69,4283.4,3934.27,349.13,178.2,163.76,14.43,4105.21,3770.51,334.7,67978.72,6.3,0.26,6.04
2016,1,2016Q1,140030.92,19949.71,400.86,400.86,0,0,19548.85,17065.01,2483.84,0,4489.68,2773.18,2773.18,0,0,0,1716.49,349.8,0,0,1366.69,31247.32,18606.06,0.04,13234.43,3912.23,1459.37,12641.26,329.35,12307.97,3.94,0,84344.21,38414.88,1140.5,13399.96,0,23643.18,231.25,45929.32,9032.93,36230.82,0,665.57,0,15766.66,2307.04,174.64,2057.74,0,0,74.65,13459.62,3864.79,9594.83,0,0,0,68577.55,36107.85,965.86,11342.21,0,23643.18,156.59,32469.7,5168.14,26635.99,0,665.57,0,20649.9,14407.6,1167.27,5075.03,140030.92,60194.99,79835.93,34.43,290.84,3021.5,2693.15,328.36,191.07,171.46,19.6,2830.44,2521.68,308.75,70158.79,4.31,0.27,4.04
2016,2,2016Q2,143704.04,20480.18,280.33,280.33,0,0,20199.85,17598.56,2601.29,0,4462.12,2626.64,2626.64,0,0,0,1835.48,477.55,0,0,1357.93,33022.08,19819.9,0.04,14656.54,3851.48,1311.84,13202.19,322.52,12875.84,3.82,0,85739.66,39189.95,891.53,14584.15,0,23430.72,283.56,46549.7,9036.84,36905.03,0,607.83,0,15961.1,2532.57,169.19,2283.03,0,0,80.35,13428.53,3858.21,9570.32,0,0,0,69778.56,36657.38,722.34,12301.12,0,23430.72,203.2,33121.17,5178.62,27334.72,0,607.83,0,20239.42,13989.53,1253.02,4996.87,143704.04,61916.82,81787.21,35.46,288.56,3369.52,2989.16,380.36,247.26,220.49,26.77,3122.26,2768.66,353.59,67039.61,5.03,0.37,4.66
2016,3,2016Q3,141335.03,21933.6,561.8,561.8,0,0,21371.79,18687.95,2683.84,0,5384.55,3535.06,3535.06,0,0,0,1849.49,494.87,0,0,1354.62,31333.95,18254.12,0.02,13086.73,3680.48,1486.88,13079.84,440.03,12636.43,3.38,0,82682.93,35332.76,1009.51,11367.74,0,22764.07,191.44,47350.17,9117.47,37739.38,0,493.33,0,15414.76,2499.87,193.42,2272.65,0,0,33.8,12914.89,3451.16,9463.73,0,0,0,67268.17,32832.89,816.1,9095.08,0,22764.07,157.64,34435.28,5666.31,28275.65,0,493.33,0,16781.1,13553.68,1185.03,2042.39,141335.03,57683.74,83651.29,34.61,312.86,5284.21,4912.86,371.35,315.66,292.33,23.33,4968.55,4620.52,348.02,71401.19,7.4,0.44,6.96
2016,4,2016Q4,132833.74,19619.04,305.8,305.8,0,0,19313.24,16785.62,2527.61,0,3000.73,1366.54,1366.54,0,0,0,1634.18,329.76,0,0,1304.43,30556.64,18715.56,0.02,13897.87,3599.31,1218.35,11841.08,419.54,11418.44,3.09,0,79657.34,34074.52,1522.5,10675.48,0,21747.71,128.82,45582.82,9586.24,35639.74,0,356.85,0,15237.38,2477.04,190.44,2259.56,0,0,27.04,12760.34,3527.09,9233.25,0,0,0,64419.95,31597.47,1332.06,8415.93,0,21747.71,101.77,32822.48,6059.15,26406.49,0,356.85,0,16107.74,13057.85,1088.63,1961.26,132833.74,54462.42,78371.32,32.43,315.54,4944.68,4462.62,482.06,604.63,497.17,107.46,4340.04,3965.44,374.6,70904.54,6.97,0.85,6.12
2017,1,2017Q1,137949.39,22000.84,167.03,167.03,0,0,21833.81,19094.44,2739.38,0,3561.59,1986.49,1893.14,0,93.35,0,1575.1,257.9,0,0,1317.21,31198.2,18895.29,0.02,14144.25,3567.14,1183.87,12302.92,421.2,11878.52,3.19,0,81188.76,35082.78,1656.77,10653.88,0,22622.07,150.06,46105.98,9852.04,35930.54,0,323.4,0,14907.05,2398.87,179.9,2183.48,0,0,35.49,12508.18,3770.99,8737.18,0,0,0,66281.71,32683.91,1476.87,8470.4,0,22622.07,114.57,33597.8,6081.05,27193.35,0,323.4,0,16087.7,13158.54,1172.64,1756.51,137949.39,56131.59,81817.81,33.42,323.68,3653.72,3117.12,536.59,498.49,347.6,150.89,3155.23,2769.52,385.71,74619.94,4.9,0.67,4.23
2017,2,2017Q2,142922.25,23670,150,150,0,0,23520,20766.94,2753.06,0,3267.81,1580.99,1488.33,0,92.67,0,1686.81,335.46,0,0,1351.35,32289.99,19218.14,0.02,14085.46,3556.82,1575.84,13071.85,427.23,12642.09,2.54,0,83694.46,36142.35,1546.08,11143.45,0,23257.5,195.33,47552.1,10553.03,36657.32,0,341.76,0,15358.67,2777.72,215.44,2522.1,0,0,40.17,12580.95,3747.69,8833.26,0,0,0,68335.79,33364.64,1330.64,8621.34,0,23257.5,155.16,34971.15,6805.34,27824.06,0,341.76,0,16895.58,13719.33,1322.54,1853.71,142922.25,57091.48,85830.77,34.39,326.15,3943.19,3363.92,579.27,377.09,208.34,168.75,3566.1,3155.58,410.52,71687.86,5.5,0.53,4.97
2017,3,2017Q3,152728.87,25645.13,453.87,453.87,0,0,25191.26,22419.26,2772,0,5120.74,2592.12,2498.56,0,93.56,0,2528.62,1156.07,0,0,1372.55,34654.98,22461.59,0.03,17289.45,3579.35,1592.77,12193.39,506.72,11684.33,2.34,0,87308.02,39042.75,2168.52,11714.1,0,24991.34,168.78,48265.28,11800.81,36110.67,0,353.8,0,16219.24,3670.59,915.16,2713.4,0,0,42.02,12548.66,4386.03,8162.63,0,0,0,71088.78,35372.16,1253.35,9000.7,0,24991.34,126.76,35716.62,7414.78,27948.04,0,353.8,0,16912.04,13721.46,1317.01,1873.57,152728.87,64550.32,88178.55,36.31,310.49,6494.14,5924.38,569.76,450.12,275.24,174.88,6044.02,5649.15,394.87,80152.01,8.1,0.56,7.54
2017,4,2017Q4,155948.91,25136.81,386.39,386.39,0,0,24750.42,21940.85,2809.57,0,6429.26,3701.4,3684.6,0,16.8,0,2727.86,1367.88,0,0,1359.98,36503.68,23556.51,0.01,18190.11,3780.65,1585.75,12947.16,489.65,12455.59,1.92,0,87879.17,41093.89,2218.52,12871.99,0,25822.59,180.8,46785.28,11420.85,35012.12,0,352.31,0,15858.49,3925.41,807.04,3085.58,0,0,32.8,11933.08,4125.96,7807.12,0,0,0,72020.68,37168.48,1411.48,9786.41,0,25822.59,148.01,34852.2,7294.89,27205,0,352.31,0,17298.13,13757.39,1394.5,2146.25,155948.91,68738.19,87210.72,36.61,294.76,3700.96,3094.62,606.34,537.8,352.56,185.24,3163.16,2742.06,421.1,80252.96,4.61,0.67,3.94
2018,1,2018Q1,158345.32,25928.23,144.72,144.72,0,0,25783.51,22836.86,2946.65,0,7845.72,3905.88,3888.79,0,17.1,0,3939.83,2528.12,0,0,1411.72,35335.58,21974.06,0.01,15708.24,4192.84,2072.98,13361.52,431.36,12479.34,450.82,0,89235.8,41695.39,1488.53,14654.91,0,25372.55,179.4,47540.4,10798.45,36350.2,0,391.75,0,16638.56,4424.89,545.39,3848.97,0,0,30.53,12213.67,3747.88,8465.8,0,0,0,72597.24,37270.5,943.14,10805.94,0,25372.55,148.87,35326.73,7050.58,27884.4,0,391.75,0,17702.72,13944.72,1548.82,2209.18,158345.32,67720.06,90625.26,36.47,319.17,5576.56,4982.32,594.24,636.78,448.01,188.77,4939.78,4534.31,405.47,85093.31,6.55,0.75,5.8
2018,2,2018Q2,154861.78,24843.76,47.92,47.92,0,0,24795.84,22390.25,2405.59,0,5414.73,2103.02,2086.92,0,16.1,0,3311.72,1944.91,0,0,1366.8,34966.9,20822.44,0.01,15314.47,3791.35,1716.61,14144.46,475.44,13218.32,450.7,0,89636.39,43108.6,3078.53,13912.28,0,25943.8,173.99,46527.79,10373.28,35734.64,0,419.87,0,16082.78,4660.79,1801.09,2825.05,0,0,34.64,11421.99,3423.29,7998.7,0,0,0,73553.61,38447.81,1277.44,11087.23,0,25943.8,139.34,35105.8,6949.99,27735.94,0,419.87,0,17388.56,13627.24,1537.37,2223.95,154861.78,66081.98,88779.81,35.03,312.82,4726.49,4117.28,609.21,689.16,496.45,192.71,4037.33,3620.82,416.5,80879.27,5.84,0.86,4.98
2018,3,2018Q3,159546.39,28153.82,31.24,31.24,0,0,28122.59,25575.95,2546.64,0,5818.88,2726.56,2710.02,0,16.54,0,3092.32,1737.43,0,0,1354.88,35869.94,21567.54,0.01,15552.49,3889.83,2125.22,14302.39,467.66,13384.22,450.52,0,89703.76,41698.31,1371.46,14392.52,0,25727.57,206.75,48005.44,11572.19,35986.44,0,446.81,0,16470.48,3690.78,668.42,2988.84,0,0,33.52,12779.71,4593.97,8185.74,0,0,0,73233.27,38007.54,703.05,11403.68,0,25727.57,173.23,35225.74,6978.22,27800.71,0,446.81,0,18332.65,14188.87,1530.74,2613.04,159546.39,66023.65,93522.74,35.42,308.98,5581.46,4967.57,613.89,401.55,192.72,208.83,5179.91,4774.85,405.07,82159.8,6.79,0.48,6.31
2018,4,2018Q4,163102.95,30922.1,68.29,68.29,0,0,30853.81,28232.45,2621.36,0,4785.82,1804.38,1787.86,0,16.52,0,2981.44,1630.99,0,0,1350.45,36812.07,21134.1,0.01,15770.95,3733.19,1629.95,15677.98,854.03,14373.42,450.52,0,90582.96,40398.01,718.3,14347.27,0,25067.22,265.22,50184.95,12619.76,37075.14,0,490.05,0,16500.37,3171.54,314.33,2790.63,0,0,66.59,13328.83,4457.62,8871.21,0,0,0,74082.59,37226.47,403.96,11556.64,0,25067.22,198.64,36856.12,8162.13,28203.94,0,490.05,0,17708.9,13432.42,1478.48,2798,163102.95,63404.78,99698.17,35.54,324.33,4663.96,4026.75,637.22,249.16,25.78,223.38,4414.8,4000.97,413.83,82564.33,5.65,0.3,5.35
2019,1,2019Q1,164779.91,31219.55,60.1,60.1,0,0,31159.45,28578.84,2580.61,0,4139.2,1128.8,1111.89,0,16.91,0,3010.39,1661.27,0,0,1349.12,37562.08,22401.15,0.01,16430.78,4047.51,1922.86,15160.93,863.53,13846.84,450.56,0,91859.09,39293.97,709.48,13893.16,0,24416.81,274.52,52565.12,13022.19,39036.56,0,506.37,0,16578.48,2684.35,408.01,2208.9,0,0,67.43,13894.14,4765.29,9128.85,0,0,0,75280.6,36609.62,301.47,11684.26,0,24416.81,207.08,38670.98,8256.9,29907.71,0,506.37,0,17682.18,13197.77,1485.36,2999.05,164779.91,62884.02,101895.89,35.08,337.42,4899.56,4229.05,670.51,982.94,729.15,253.79,3916.62,3499.91,416.72,81589.2,6.01,1.2,4.8
2019,2,2019Q2,167170.47,32962.63,137.99,137.99,0,0,32824.64,30169.01,2655.63,0,5661.95,2115.07,2097.57,0,17.5,0,3546.88,2195.88,0,0,1351,36605.21,20480.51,0.01,13562.08,4700.65,2217.77,16124.71,1190.63,14481.87,452.21,0,91940.67,39475.68,697.98,14188.85,0,24060.05,528.8,52465,12739.05,39191.45,0,534.5,0,16976.87,2778.12,346.71,2362.18,0,0,69.23,14198.74,4631.73,9567.01,0,0,0,74963.81,36697.55,351.27,11826.66,0,24060.05,459.57,38266.25,8107.32,29624.44,0,534.5,0,17517.04,13090.65,1473.42,2952.98,167170.47,62209.24,104961.23,34.83,346.91,6179.03,5516.9,662.13,708.97,465.96,243.01,5470.06,5050.94,419.12,77737.79,7.95,0.91,7.04
2019,3,2019Q3,167724.17,33968.16,0,0,0,0,33968.16,31331.77,2636.39,0,4079.61,628.05,626.61,0,1.44,0,3451.55,2128.67,0,0,1322.88,36425.15,19416.58,0.37,12620.02,4590.86,2205.33,17008.57,1244.47,15306.98,457.11,0,93251.26,38894.51,951.87,14728.69,0,22688.41,525.54,54356.75,12577.06,41234.64,0,545.05,0,18678.41,2810.51,515.41,2230.68,0,0,64.41,15867.91,4422.63,11445.28,0,0,0,74572.84,36084,436.46,12498,0,22688.41,461.13,38488.84,8154.43,29789.36,0,545.05,0,19775.82,14754.99,1678.38,3342.45,167724.17,58939.14,108785.03,34.19,374.17,5052.52,4367.08,685.43,1166.17,891.59,274.58,3886.35,3475.49,410.86,83969.35,6.02,1.39,4.63
2019,4,2019Q4,171884.93,34227.93,0,0,0,0,34227.93,31526.95,2700.98,0,3791.12,466.01,464.55,0,1.46,0,3325.12,1980.34,0,0,1344.78,37673.54,19255.16,6.04,12371.39,4817.36,2060.37,18418.38,1494.72,16463.92,459.74,0,96192.35,40061.02,1634.79,14880.59,0,22949.74,595.9,56131.33,13134.35,42470.01,0,526.97,0,19800.32,3153.19,853.15,2235.02,0,0,65.01,16647.13,4402.18,12244.95,0,0,0,76392.03,36907.83,781.64,12645.56,0,22949.74,530.89,39484.2,8732.17,30225.06,0,526.97,0,19921.08,15151.43,1610.82,3158.82,171884.93,59782.18,112102.75,34.21,375.24,6190.47,5492.16,698.3,320.46,55.14,265.32,5870,5437.02,432.98,81755.92,7.57,0.39,7.18
2020,1,2020Q1,165295.3,29739.64,0,0,0,0,29739.64,27013.76,2725.88,0,2549.46,358.16,354.64,0,3.52,0,2191.3,859.74,0,0,1331.56,38730.8,20651.28,4.05,12987.38,5341.55,2318.3,18079.52,1605.95,16013.78,459.79,0,94275.41,38291.5,932.43,14300.74,0,22440.95,617.38,55983.91,13398.34,42078.97,0,506.6,0,19740.16,2466.7,430.56,1985.69,0,0,50.45,17273.46,4417.67,12855.79,0,0,0,74535.25,35824.8,501.87,12315.05,0,22440.95,566.93,38710.45,8980.67,29223.19,0,506.6,0,19098.47,14778.32,1566.6,2753.56,165295.3,59300.93,105994.37,32.39,381.9,4496.31,3798.74,697.57,692.27,434.04,258.23,3804.04,3364.69,439.34,77084.23,5.83,0.9,4.93
2020,2,2020Q2,171701.83,31063.68,32.31,32.31,0,0,31031.38,28296.77,2734.61,0,3212.74,890.06,418.72,467.13,4.21,0,2322.68,985.99,0,0,1336.69,39445.57,21402.51,4.21,13351.31,5540.52,2506.47,18043.06,1546.08,16338.79,158.18,0,97979.84,39555.45,761.04,16088.8,0,21954.74,750.87,58424.39,15229.02,42714.36,0,479.24,1.76,20227.59,2531.58,431.36,2042.44,0,0,57.79,17696.01,4440.16,13255.85,0,0,0,77752.24,37023.87,329.68,14046.36,0,21954.74,693.08,40728.38,10788.87,29458.51,0,479.24,1.76,20091.05,15520.27,1599.33,2971.45,171701.83,61880.33,109821.5,33.61,390.4,4744.62,4068.43,676.19,536.48,297.05,239.43,4208.14,3771.38,436.75,55218.27,8.59,0.97,7.62
2020,3,2020Q3,171974.12,31686.38,10.42,10.42,0,0,31675.96,28961.88,2714.08,0,2439.69,204.6,201.44,0,3.16,0,2235.1,867.13,0,0,1367.97,37946.68,20926.89,3.34,13767.62,5305.99,1849.93,17019.79,1217.09,15757.18,45.52,0,99901.37,40764.62,758.03,16736.78,0,22650.29,619.51,59136.76,15967.18,42710.73,0,458.84,0,20713.22,2542.07,431.64,2061.73,0,0,48.69,18171.15,4605.52,13565.63,0,0,0,79188.16,38222.55,326.39,14675.05,0,22650.29,570.82,40965.61,11361.66,29145.1,0,458.84,0,20220.89,15654.53,1624.07,2942.29,171974.12,61906.52,110067.6,33.49,405.54,5662.83,4988.51,674.32,290.31,44.33,245.98,5372.52,4944.18,428.35,63393.57,8.93,0.46,8.47
